Reference, Date, Time, Wind Pulses, Direction, Temperature, Humidity, Thermistor, Battery Voltage,,Humidity %
AA,10/02/2014,00:07:22,0,D,8.99,0.71084,10.37,4.44,,71.084
AA,10/02/2014,00:17:22,0,D,8.95,0.7117,10.37,4.44,,71.17
AA,10/02/2014,00:27:22,0,D,8.94,0.71218,10.37,4.44,,71.218
AA,10/02/2014,00:37:22,0,D,8.93,0.71218,10.28,4.44,,71.218
AA,10/02/2014,00:47:22,0,D,8.9,0.71237,10.28,4.44,,71.237
AA,10/02/2014,00:57:22,0,D,8.88,0.71279,10.28,4.44,,71.279
AA,10/02/2014,01:07:22,0,D,8.87,0.71279,10.28,4.44,,71.279
AA,10/02/2014,01:17:22,0,D,8.84,0.71304,10.28,4.44,,71.304
AA,10/02/2014,01:27:22,0,D,8.83,0.71322,10.2,4.43,,71.322
AA,10/02/2014,01:37:22,0,D,8.8,0.71322,10.2,4.43,,71.322
AA,10/02/2014,01:47:22,0,D,8.78,0.71347,10.2,4.43,,71.347
AA,10/02/2014,01:57:22,0,D,8.75,0.71347,10.2,4.43,,71.347
AA,10/02/2014,02:07:22,0,D,8.74,0.71408,10.11,4.43,,71.408
AA,10/02/2014,02:17:22,0,D,8.71,0.7145,10.11,4.43,,71.45
AA,10/02/2014,02:27:22,0,D,8.7,0.71475,10.11,4.43,,71.475
AA,10/02/2014,02:37:22,0,D,8.68,0.71493,10.11,4.43,,71.493
AA,10/02/2014,02:47:22,0,D,8.67,0.71493,10.11,4.43,,71.493
AA,10/02/2014,02:57:22,0,D,8.66,0.71518,10.02,4.43,,71.518
AA,10/02/2014,03:07:22,0,D,8.63,0.71518,10.02,4.43,,71.518
AA,10/02/2014,03:17:22,0,D,8.6,0.71536,10.02,4.43,,71.536
AA,10/02/2014,03:27:22,0,D,8.6,0.71536,10.02,4.43,,71.536
AA,10/02/2014,03:37:22,0,D,8.57,0.71518,10.02,4.43,,71.518
AA,10/02/2014,03:47:22,0,D,8.55,0.71536,9.94,4.43,,71.536
AA,10/02/2014,03:57:22,0,D,8.53,0.71536,9.94,4.43,,71.536
AA,10/02/2014,04:07:22,0,D,8.52,0.71579,9.94,4.43,,71.579
AA,10/02/2014,04:17:22,0,D,8.49,0.71603,9.94,4.43,,71.603
AA,10/02/2014,04:27:22,0,D,8.48,0.71603,9.85,4.43,,71.603
AA,10/02/2014,04:37:22,0,D,8.45,0.71621,9.85,4.43,,71.621
AA,10/02/2014,04:47:22,0,D,8.44,0.71603,9.85,4.43,,71.603
AA,10/02/2014,04:57:22,0,D,8.42,0.71603,9.85,4.43,,71.603
AA,10/02/2014,05:07:22,0,D,8.4,0.71621,9.85,4.43,,71.621
AA,10/02/2014,05:17:22,0,D,8.38,0.71621,9.85,4.43,,71.621
AA,10/02/2014,05:27:22,0,D,8.37,0.71621,9.76,4.43,,71.621
AA,10/02/2014,05:37:22,0,D,8.36,0.71621,9.76,4.43,,71.621
AA,10/02/2014,05:47:22,0,D,8.34,0.71664,9.76,4.43,,71.664
AA,10/02/2014,05:57:22,0,D,8.33,0.71664,9.76,4.43,,71.664
AA,10/02/2014,06:07:22,0,D,8.32,0.71664,9.76,4.43,,71.664
AA,10/02/2014,06:17:22,0,D,8.27,0.71664,9.67,4.43,,71.664
AA,10/02/2014,06:27:22,0,D,8.26,0.71664,9.67,4.43,,71.664
AA,10/02/2014,06:37:22,0,D,8.25,0.71688,9.67,4.43,,71.688
AA,10/02/2014,06:47:22,0,D,8.22,0.71664,9.67,4.43,,71.664
AA,10/02/2014,06:57:22,0,D,8.2,0.71664,9.59,4.43,,71.664
AA,10/02/2014,07:07:22,0,D,8.18,0.71646,9.59,4.42,,71.646
AA,10/02/2014,07:17:22,0,D,8.17,0.71688,9.59,4.42,,71.688
AA,10/02/2014,07:27:22,0,D,8.14,0.71713,9.59,4.42,,71.713
AA,10/02/2014,07:37:22,0,D,8.13,0.71731,9.59,4.42,,71.731
AA,10/02/2014,07:47:22,0,D,8.11,0.71713,9.59,4.42,,71.713
AA,10/02/2014,07:57:22,0,D,8.11,0.71688,9.59,4.42,,71.688
AA,10/02/2014,08:07:22,0,D,8.11,0.71688,9.59,4.42,,71.688
AA,10/02/2014,08:17:22,0,D,8.11,0.71603,9.59,4.42,,71.603
AA,10/02/2014,08:27:22,0,D,8.1,0.71579,9.59,4.42,,71.579
AA,10/02/2014,08:37:22,0,D,8.13,0.71518,9.59,4.42,,71.518
AA,10/02/2014,08:47:22,0,D,8.13,0.71475,9.67,4.42,,71.475
AA,10/02/2014,08:57:22,0,D,8.16,0.71408,9.67,4.42,,71.408
AA,10/02/2014,09:07:22,0,D,8.17,0.71304,9.67,4.42,,71.304
AA,10/02/2014,09:17:22,0,D,8.18,0.71218,9.76,4.42,,71.218
AA,10/02/2014,09:27:22,0,D,8.21,0.71408,9.76,4.42,,71.408
AA,10/02/2014,10:36:17,0,D,19.25,0.52698,20.8,4.8,,52.698
AA,10/02/2014,10:36:19,0,D,19.26,0.52674,20.8,4.8,,52.674
AA,10/02/2014,10:36:21,0,D,19.26,0.52698,20.8,4.8,,52.698
AA,10/02/2014,10:36:23,0,D,19.28,0.52631,20.8,4.8,,52.631
AA,10/02/2014,10:36:25,0,D,19.28,0.52582,20.8,4.8,,52.582
AA,10/02/2014,10:36:27,0,D,19.29,0.52582,20.88,4.8,,52.582
AA,10/02/2014,10:36:29,0,D,19.3,0.52674,20.97,4.8,,52.674
AA,10/02/2014,10:36:31,0,D,19.3,0.52484,20.97,4.8,,52.484
AA,10/02/2014,10:47:20,0,D,20.03,0.51422,21.55,4.83,,51.422
AA,10/02/2014,10:47:22,0,D,20.09,0.51373,21.55,4.83,,51.373
AA,10/02/2014,10:47:24,0,D,20.11,0.51203,21.64,4.83,,51.203
AA,10/02/2014,10:47:26,0,D,20.16,0.51276,21.72,4.83,,51.276
AA,10/02/2014,10:47:28,0,D,20.2,0.51203,21.72,4.83,,51.203
AA,10/02/2014,10:47:30,0,D,20.25,0.50934,21.72,4.83,,50.934
AA,10/02/2014,10:47:48,0,D,20.54,0.48688,21.89,4.83,,48.688
AA,10/02/2014,10:47:50,0,D,20.55,0.4859,21.89,4.83,,48.59
AA,10/02/2014,10:47:52,0,D,20.58,0.48413,21.89,4.83,,48.413
AA,10/02/2014,10:47:54,0,D,20.62,0.48242,21.89,4.83,,48.242
AA,10/02/2014,10:47:56,0,D,20.65,0.48193,21.89,4.83,,48.193
AA,10/02/2014,10:47:58,0,D,20.63,0.48242,21.97,4.83,,48.242
AA,10/02/2014,10:48:00,0,D,20.66,0.48266,21.97,4.83,,48.266
AA,10/02/2014,10:48:12,0,D,20.67,0.48663,22.05,4.83,,48.663
AA,10/02/2014,10:48:14,0,D,20.67,0.48688,22.05,4.84,,48.688
AA,10/02/2014,10:48:16,0,D,20.69,0.48712,22.14,4.84,,48.712
AA,10/02/2014,10:48:18,0,D,20.7,0.48688,22.14,4.83,,48.688
AA,10/02/2014,10:49:24,0,D,20.98,0.48169,22.14,4.72,,48.169
AA,10/02/2014,10:49:26,0,D,20.98,0.48565,22.14,4.71,,48.565
AA,10/02/2014,10:49:28,0,D,20.99,0.48785,22.14,4.71,,48.785
AA,10/02/2014,10:49:30,0,D,20.99,0.48785,22.05,4.71,,48.785
AA,10/02/2014,10:49:32,0,D,20.99,0.48736,22.05,4.7,,48.736
AA,10/02/2014,10:49:34,0,D,20.99,0.48614,22.05,4.7,,48.614
AA,10/02/2014,10:49:36,0,D,20.99,0.48413,22.05,4.7,,48.413
AA,10/02/2014,10:49:38,0,D,20.99,0.48218,22.14,4.7,,48.218
AA,10/02/2014,10:49:46,0,D,21.05,0.47455,22.22,4.69,,47.455
AA,10/02/2014,10:49:48,0,D,21.04,0.47326,22.14,4.69,,47.326
AA,10/02/2014,10:49:50,0,D,21.05,0.47277,22.14,4.69,,47.277
AA,10/02/2014,10:49:52,0,D,21.05,0.47229,22.14,4.69,,47.229
AA,10/02/2014,10:49:54,0,D,21.04,0.47155,22.14,4.68,,47.155
AA,10/02/2014,10:49:56,0,D,21.06,0.47058,22.22,4.68,,47.058
AA,10/02/2014,10:49:58,0,D,21.06,0.47009,22.22,4.68,,47.009
AA,10/02/2014,10:50:00,0,D,21.08,0.46984,22.14,4.68,,46.984
AA,10/02/2014,10:50:02,0,D,21.09,0.4696,22.14,4.68,,46.96
AA,10/02/2014,10:50:04,0,D,21.09,0.46936,22.14,4.67,,46.936
AA,10/02/2014,10:52:50,0,D,21.44,0.45916,22.3,4.63,,45.916
AA,10/02/2014,10:53:50,0,D,21.28,0.44384,21.97,4.63,,44.384
AA,10/02/2014,10:54:50,0,D,21.12,0.43432,21.72,4.62,,43.432
AA,10/02/2014,10:55:50,0,D,20.92,0.43884,21.47,4.61,,43.884
AA,10/02/2014,10:56:50,0,D,20.73,0.44012,21.47,4.61,,44.012
AA,10/02/2014,10:57:50,0,D,20.58,0.46014,21.22,4.6,,46.014
AA,10/02/2014,11:01:21,0,D,20.28,0.45239,20.72,4.59,,45.239
AA,10/02/2014,11:02:21,0,D,20.17,0.45086,20.63,4.59,,45.086
AA,10/02/2014,11:03:21,0,D,20.06,0.45513,20.55,4.58,,45.513
AA,10/02/2014,11:04:21,0,D,20.02,0.47082,20.47,4.58,,47.082
AA,10/02/2014,11:05:21,0,D,19.96,0.46136,20.3,4.58,,46.136
AA,10/02/2014,11:06:21,0,D,19.88,0.45861,20.22,4.58,,45.861
AA,10/02/2014,11:07:21,0,D,19.77,0.45336,20.05,4.58,,45.336
AA,10/02/2014,11:08:21,0,D,19.6,0.45642,19.97,4.57,,45.642
AA,10/02/2014,11:09:21,0,D,19.45,0.45489,19.89,4.57,,45.489
AA,10/02/2014,11:10:21,0,D,19.29,0.46112,19.8,4.57,,46.112
AA,10/02/2014,11:11:21,0,D,19.15,0.46539,19.64,4.57,,46.539
AA,10/02/2014,11:12:21,0,D,19.03,0.46661,19.64,4.57,,46.661
AA,10/02/2014,11:13:21,0,D,18.92,0.47204,19.47,4.56,,47.204
AA,10/02/2014,11:14:21,0,D,18.8,0.47253,19.47,4.56,,47.253
AA,10/02/2014,11:15:21,0,D,18.72,0.47699,19.3,4.56,,47.699
AA,10/02/2014,11:16:21,0,D,18.61,0.479,19.3,4.56,,47.9
AA,10/02/2014,11:17:21,0,D,18.53,0.48071,19.3,4.56,,48.071
AA,10/02/2014,11:18:21,0,D,18.44,0.48169,19.22,4.56,,48.169
AA,10/02/2014,11:19:21,0,D,18.34,0.48468,19.14,4.56,,48.468
AA,10/02/2014,11:20:21,0,D,18.24,0.4881,19.05,4.56,,48.81
AA,10/02/2014,11:21:21,0,D,18.13,0.48883,18.97,4.56,,48.883
AA,10/02/2014,11:22:21,0,D,18.05,0.49054,18.97,4.56,,49.054
AA,10/02/2014,11:23:21,0,D,17.99,0.48981,18.89,4.56,,48.981
AA,10/02/2014,11:24:21,0,D,17.9,0.49567,18.89,4.55,,49.567
AA,10/02/2014,11:25:21,0,D,17.84,0.49371,18.72,4.55,,49.371
AA,10/02/2014,11:26:21,0,D,17.74,0.49664,18.72,4.55,,49.664
AA,10/02/2014,11:27:21,0,D,17.66,0.4964,18.72,4.55,,49.64
AA,10/02/2014,11:28:21,0,D,17.6,0.49542,18.64,4.55,,49.542
AA,10/02/2014,11:29:21,0,D,17.52,0.49567,18.47,4.55,,49.567
AA,10/02/2014,11:30:21,0,D,17.43,0.50226,18.47,4.54,,50.226
AA,10/02/2014,11:31:21,0,D,17.35,0.50568,18.39,4.54,,50.568
AA,10/02/2014,11:32:21,0,D,17.24,0.50128,18.31,4.54,,50.128
AA,10/02/2014,11:33:21,0,D,17.14,0.50543,18.22,4.54,,50.543
AA,10/02/2014,11:34:21,0,D,17.06,0.50934,18.22,4.54,,50.934
AA,10/02/2014,11:35:21,0,D,16.99,0.50641,18.14,4.54,,50.641
AA,10/02/2014,11:36:21,0,D,16.87,0.50885,17.97,4.54,,50.885
AA,10/02/2014,11:37:21,0,D,16.78,0.51178,17.81,4.54,,51.178
AA,10/02/2014,11:38:21,0,D,16.69,0.51544,17.81,4.54,,51.544
AA,10/02/2014,11:39:21,0,D,16.64,0.52484,17.81,4.54,,52.484
AA,10/02/2014,11:40:21,0,D,16.64,0.52631,17.81,4.54,,52.631
AA,10/02/2014,11:41:21,0,D,16.62,0.52649,17.81,4.54,,52.649
AA,10/02/2014,11:42:21,0,D,16.59,0.52124,17.72,4.54,,52.124
AA,10/02/2014,11:43:21,0,D,16.52,0.52289,17.64,4.54,,52.289
AA,10/02/2014,11:44:21,0,D,16.49,0.521,17.64,4.54,,52.1
AA,10/02/2014,11:45:21,0,D,16.44,0.52124,17.56,4.54,,52.124
AA,10/02/2014,11:46:21,0,D,16.36,0.52558,17.39,4.54,,52.558
AA,10/02/2014,11:47:21,0,D,16.29,0.51929,17.31,4.54,,51.929
AA,10/02/2014,11:48:21,0,D,16.21,0.51758,17.22,4.54,,51.758
AA,10/02/2014,11:49:21,0,D,16.13,0.52051,17.22,4.54,,52.051
AA,10/02/2014,11:50:21,0,D,16.03,0.52338,17.14,4.54,,52.338
AA,10/02/2014,11:51:21,0,D,15.96,0.52607,17.06,4.54,,52.607
AA,10/02/2014,11:52:21,0,D,15.9,0.52631,17.06,4.54,,52.631
AA,10/02/2014,11:53:21,0,D,15.83,0.53083,16.97,4.53,,53.083
AA,10/02/2014,11:54:21,0,D,15.75,0.53376,16.97,4.53,,53.376
AA,10/02/2014,11:55:21,0,D,15.71,0.53443,16.97,4.53,,53.443
AA,10/02/2014,11:56:21,0,D,15.66,0.53229,16.81,4.53,,53.229
AA,10/02/2014,11:59:21,0,D,15.65,0.53443,17.06,4.53,,53.443
AA,10/02/2014,12:00:21,0,D,15.65,0.54615,17.06,4.53,,54.615
AA,10/02/2014,12:01:21,0,D,15.73,0.55756,17.22,4.53,,55.756
AA,10/02/2014,12:02:21,0,D,15.88,0.56513,17.39,4.53,,56.513
AA,10/02/2014,12:03:21,0,D,16.01,0.56062,17.47,4.53,,56.062
AA,10/02/2014,12:04:21,0,D,16.07,0.54188,17.56,4.53,,54.188
AA,10/02/2014,12:05:21,0,D,16.16,0.53424,17.64,4.53,,53.424
AA,10/02/2014,12:06:21,0,D,16.21,0.52698,17.64,4.53,,52.698
AA,10/02/2014,12:07:21,0,D,16.23,0.52893,17.64,4.53,,52.893
AA,10/02/2014,12:08:21,0,D,16.23,0.53376,17.64,4.53,,53.376
AA,10/02/2014,12:09:21,0,D,16.23,0.53302,17.56,4.53,,53.302
AA,10/02/2014,12:10:21,0,D,16.23,0.52967,17.64,4.52,,52.967
AA,10/02/2014,12:11:21,0,D,16.21,0.53107,17.56,4.52,,53.107
AA,10/02/2014,12:12:21,0,D,16.21,0.54401,17.64,4.52,,54.401
AA,10/02/2014,12:13:21,0,D,16.21,0.52942,17.56,4.52,,52.942
AA,10/02/2014,12:14:21,0,D,16.22,0.55256,17.72,4.52,,55.256
AA,10/02/2014,12:15:21,0,D,16.3,0.56159,17.89,4.52,,56.159
AA,10/02/2014,12:16:21,0,D,16.36,0.55592,17.97,4.52,,55.592
AA,10/02/2014,12:17:21,0,D,16.4,0.54926,17.97,4.52,,54.926
AA,10/02/2014,12:18:21,0,D,16.44,0.53443,17.97,4.52,,53.443
AA,10/02/2014,12:19:21,0,D,16.44,0.534,17.97,4.52,,53.4
AA,10/02/2014,12:20:21,0,D,16.42,0.53131,17.97,4.52,,53.131
AA,10/02/2014,12:21:21,0,D,16.42,0.53016,17.97,4.52,,53.016
AA,10/02/2014,12:22:21,0,D,16.41,0.53107,17.89,4.52,,53.107
AA,10/02/2014,12:23:21,0,D,16.4,0.52967,17.81,4.52,,52.967
AA,10/02/2014,12:24:21,0,D,16.37,0.53229,17.89,4.52,,53.229
AA,10/02/2014,12:25:21,0,D,16.34,0.534,17.72,4.52,,53.4
AA,10/02/2014,12:26:21,0,D,16.33,0.53467,17.81,4.52,,53.467
AA,10/02/2014,12:27:21,0,D,16.3,0.53492,17.72,4.52,,53.492
AA,10/02/2014,12:28:21,0,D,16.29,0.54664,17.81,4.52,,54.664
AA,10/02/2014,12:29:21,0,D,16.34,0.56184,18.06,4.52,,56.184
AA,10/02/2014,12:30:21,0,D,16.45,0.55872,18.22,4.52,,55.872
AA,10/02/2014,12:31:21,0,D,16.53,0.54542,18.22,4.52,,54.542
AA,10/02/2014,12:32:21,0,D,16.57,0.54114,18.22,4.52,,54.114
AA,10/02/2014,12:33:21,0,D,16.69,0.5583,18.47,4.52,,55.83
AA,10/02/2014,12:34:21,0,D,16.86,0.56019,18.64,4.52,,56.019
AA,10/02/2014,12:35:21,0,D,16.99,0.55732,18.72,4.52,,55.732
AA,10/02/2014,12:36:21,0,D,17.09,0.56062,18.89,4.52,,56.062
AA,10/02/2014,12:37:21,0,D,17.24,0.55946,19.05,4.52,,55.946
AA,10/02/2014,12:38:21,0,D,17.36,0.55872,19.22,4.52,,55.872
AA,10/02/2014,12:39:21,0,D,17.52,0.55897,19.47,4.52,,55.897
AA,10/02/2014,12:40:21,0,D,17.7,0.55402,19.72,4.52,,55.402
AA,10/02/2014,12:41:21,0,D,17.84,0.55567,19.89,4.52,,55.567
AA,10/02/2014,12:42:21,0,D,17.99,0.55427,19.97,4.52,,55.427
AA,10/02/2014,12:43:21,0,D,18.11,0.5514,20.05,4.52,,55.14
AA,10/02/2014,12:44:21,0,D,18.24,0.54804,20.14,4.52,,54.804
AA,10/02/2014,12:45:21,0,D,18.35,0.54542,20.22,4.52,,54.542
AA,10/02/2014,12:46:21,0,D,18.48,0.54023,20.3,4.52,,54.023
AA,10/02/2014,12:47:21,0,D,18.59,0.53638,20.39,4.52,,53.638
AA,10/02/2014,12:48:21,0,D,18.73,0.53443,20.55,4.52,,53.443
AA,10/02/2014,12:49:21,0,D,18.85,0.53516,20.8,4.52,,53.516
AA,10/02/2014,12:50:21,0,D,18.99,0.52845,20.88,4.52,,52.845
AA,10/02/2014,12:51:21,0,D,19.1,0.50299,20.88,4.52,,50.299
AA,10/02/2014,12:52:21,0,D,19.14,0.48907,20.72,4.52,,48.907
AA,10/02/2014,12:53:21,0,D,19.15,0.48468,20.63,4.52,,48.468
AA,10/02/2014,12:54:21,0,D,19.15,0.4859,20.55,4.52,,48.59
AA,10/02/2014,12:55:21,0,D,19.14,0.48492,20.47,4.52,,48.492
AA,10/02/2014,12:56:21,0,D,19.1,0.48639,20.39,4.52,,48.639
AA,10/02/2014,12:57:21,0,D,19.03,0.48364,20.22,4.52,,48.364
AA,10/02/2014,12:58:21,0,D,18.96,0.48883,19.97,4.52,,48.883
AA,10/02/2014,12:59:21,0,D,18.88,0.49054,19.97,4.52,,49.054
AA,10/02/2014,13:00:21,0,D,18.77,0.49322,19.89,4.52,,49.322
AA,10/02/2014,13:01:21,0,D,18.76,0.50128,19.97,4.52,,50.128
AA,10/02/2014,13:02:21,0,D,18.78,0.50494,19.97,4.51,,50.494
AA,10/02/2014,13:03:21,0,D,18.88,0.50568,20.05,4.51,,50.568
AA,10/02/2014,13:04:21,0,D,18.95,0.50226,20.14,4.51,,50.226
AA,10/02/2014,13:05:21,0,D,18.99,0.49176,20.05,4.51,,49.176
AA,10/02/2014,13:06:21,0,D,18.96,0.48614,19.97,4.51,,48.614
AA,10/02/2014,13:07:21,0,D,18.87,0.48517,19.8,4.51,,48.517
AA,10/02/2014,13:08:21,0,D,18.8,0.48291,19.72,4.51,,48.291
AA,10/02/2014,13:09:21,0,D,18.72,0.49689,19.64,4.51,,49.689
AA,10/02/2014,13:10:21,0,D,18.66,0.49835,19.72,4.51,,49.835
AA,10/02/2014,13:11:21,0,D,18.62,0.50885,19.64,4.51,,50.885
AA,10/02/2014,13:12:21,0,D,18.57,0.49347,19.47,4.51,,49.347
AA,10/02/2014,13:13:21,0,D,18.57,0.51685,19.64,4.51,,51.685
AA,10/02/2014,13:14:21,0,D,18.65,0.52631,19.8,4.51,,52.631
AA,10/02/2014,13:15:21,0,D,18.76,0.52771,19.97,4.51,,52.771
AA,10/02/2014,13:16:21,0,D,18.89,0.5282,20.22,4.51,,52.82
AA,10/02/2014,13:17:21,0,D,19,0.52631,20.3,4.51,,52.631
AA,10/02/2014,13:18:21,0,D,19.1,0.5246,20.39,4.51,,52.46
AA,10/02/2014,13:19:21,0,D,19.13,0.50787,20.22,4.51,,50.787
AA,10/02/2014,13:20:21,0,D,19.11,0.49762,20.14,4.51,,49.762
AA,10/02/2014,13:21:21,0,D,19.04,0.48712,20.05,4.51,,48.712
AA,10/02/2014,13:22:21,0,D,18.98,0.49054,19.89,4.51,,49.054
AA,10/02/2014,13:23:21,0,D,18.89,0.49396,19.89,4.51,,49.396
AA,10/02/2014,13:24:21,0,D,18.83,0.49469,19.8,4.51,,49.469
AA,10/02/2014,13:25:21,0,D,18.77,0.49664,19.72,4.51,,49.664
AA,10/02/2014,13:26:21,0,D,18.72,0.50006,19.72,4.51,,50.006
AA,10/02/2014,13:27:21,0,D,18.68,0.51056,19.72,4.51,,51.056
AA,10/02/2014,13:28:21,0,D,18.69,0.51929,19.72,4.51,,51.929
AA,10/02/2014,13:29:21,0,D,18.73,0.52484,19.8,4.51,,52.484
AA,10/02/2014,13:30:21,0,D,18.77,0.52796,19.89,4.51,,52.796
AA,10/02/2014,13:31:21,0,D,18.83,0.52747,19.89,4.51,,52.747
AA,10/02/2014,13:32:21,0,D,18.84,0.51056,19.89,4.51,,51.056
AA,10/02/2014,13:33:21,0,D,18.84,0.50421,19.8,4.51,,50.421
AA,10/02/2014,13:34:21,0,D,18.83,0.50079,19.8,4.51,,50.079
AA,10/02/2014,13:35:21,0,D,18.8,0.50031,19.8,4.51,,50.031
AA,10/02/2014,13:36:21,0,D,18.77,0.4964,19.8,4.51,,49.64
AA,10/02/2014,13:39:21,0,D,18.72,0.49469,19.8,4.51,,49.469
AA,10/02/2014,13:40:21,0,D,18.73,0.5152,19.89,4.51,,51.52
AA,10/02/2014,13:41:21,0,D,18.83,0.51929,20.05,4.51,,51.929
AA,10/02/2014,13:42:21,0,D,18.96,0.52533,20.39,4.51,,52.533
AA,10/02/2014,13:43:21,0,D,19.11,0.51758,20.39,4.51,,51.758
AA,10/02/2014,13:44:21,0,D,19.24,0.49225,20.39,4.51,,49.225
AA,10/02/2014,13:45:21,0,D,19.29,0.48639,20.39,4.51,,48.639
AA,10/02/2014,13:46:21,0,D,19.3,0.48907,20.22,4.51,,48.907
AA,10/02/2014,13:47:21,0,D,19.3,0.49078,20.3,4.51,,49.078
AA,10/02/2014,13:48:21,0,D,19.32,0.49445,20.22,4.51,,49.445
AA,10/02/2014,13:49:21,0,D,19.32,0.48907,20.14,4.51,,48.907
AA,10/02/2014,13:50:21,0,D,19.32,0.48785,20.05,4.51,,48.785
AA,10/02/2014,13:51:21,0,D,19.3,0.49957,20.05,4.51,,49.957
AA,10/02/2014,13:52:21,0,D,19.36,0.50543,20.22,4.51,,50.543
AA,10/02/2014,13:53:21,0,D,19.41,0.50836,20.3,4.51,,50.836
AA,10/02/2014,13:54:21,0,D,19.48,0.50617,20.3,4.51,,50.617
AA,10/02/2014,13:55:21,0,D,19.46,0.48785,20.22,4.51,,48.785
AA,10/02/2014,13:56:21,0,D,19.45,0.479,20.14,4.51,,47.9
AA,10/02/2014,13:57:21,0,D,19.4,0.48144,19.97,4.51,,48.144
AA,10/02/2014,13:58:21,0,D,19.33,0.48761,19.89,4.51,,48.761
AA,10/02/2014,13:59:21,0,D,19.26,0.48663,19.8,4.51,,48.663
AA,10/02/2014,14:00:21,0,D,19.22,0.48688,19.89,4.51,,48.688
AA,10/02/2014,14:01:21,0,D,19.21,0.49811,19.89,4.51,,49.811
AA,10/02/2014,14:02:21,0,D,19.24,0.50299,19.97,4.51,,50.299
AA,10/02/2014,14:03:21,0,D,19.3,0.50836,20.14,4.51,,50.836
AA,10/02/2014,14:04:21,0,D,19.41,0.5108,20.3,4.51,,51.08
AA,10/02/2014,14:05:21,0,D,19.48,0.50299,20.3,4.51,,50.299
AA,10/02/2014,14:06:21,0,D,19.49,0.49298,20.22,4.51,,49.298
AA,10/02/2014,14:07:21,0,D,19.34,0.46539,19.72,4.51,,46.539
AA,10/02/2014,14:08:21,0,D,19.25,0.46362,19.8,4.51,,46.362
AA,10/02/2014,14:09:21,0,D,19.14,0.46661,19.55,4.51,,46.661
AA,10/02/2014,14:10:21,0,D,19.07,0.47131,19.55,4.51,,47.131
AA,10/02/2014,14:11:21,0,D,18.99,0.479,19.55,4.51,,47.9
AA,10/02/2014,14:12:21,0,D,18.91,0.48144,19.39,4.51,,48.144
AA,10/02/2014,14:25:21,0,D,18.84,0.4964,20.05,4.5,,49.64
AA,10/02/2014,14:26:21,0,D,18.91,0.49567,20.22,4.5,,49.567
AA,10/02/2014,14:27:21,0,D,18.96,0.48932,20.3,4.5,,48.932
AA,10/02/2014,14:28:21,0,D,18.99,0.48071,20.3,4.5,,48.071
AA,10/02/2014,14:29:21,0,D,18.98,0.47802,20.14,4.5,,47.802
AA,10/02/2014,14:30:21,0,D,18.98,0.48315,20.14,4.5,,48.315
AA,10/02/2014,14:31:21,0,D,18.96,0.48242,20.14,4.5,,48.242
AA,10/02/2014,14:32:21,0,D,18.96,0.47925,20.22,4.5,,47.925
AA,10/02/2014,14:33:21,0,D,18.96,0.48193,20.05,4.5,,48.193
AA,10/02/2014,14:34:21,0,D,18.98,0.48022,20.14,4.5,,48.022
AA,10/02/2014,14:35:21,0,D,19.04,0.49469,20.39,4.5,,49.469
AA,10/02/2014,14:36:21,0,D,19.17,0.50519,20.63,4.5,,50.519
AA,10/02/2014,14:37:21,0,D,19.46,0.51905,21.13,4.5,,51.905
AA,10/02/2014,14:38:21,0,D,19.57,0.50958,20.97,4.5,,50.958
AA,10/02/2014,14:39:21,0,D,19.53,0.50128,20.8,4.5,,50.128
AA,10/02/2014,14:40:21,0,D,19.37,0.49811,20.63,4.5,,49.811
AA,10/02/2014,14:41:21,0,D,19.22,0.50177,20.47,4.5,,50.177
AA,10/02/2014,14:42:21,0,D,19.06,0.50617,20.39,4.5,,50.617
AA,10/02/2014,14:43:21,0,D,18.89,0.50983,20.22,4.5,,50.983
AA,10/02/2014,14:44:21,0,D,18.73,0.51349,20.05,4.5,,51.349
AA,10/02/2014,14:45:21,0,D,18.59,0.51685,19.97,4.5,,51.685
AA,10/02/2014,14:46:21,0,D,18.47,0.5188,19.8,4.5,,51.88
AA,10/02/2014,14:47:21,0,D,18.35,0.53443,19.8,4.5,,53.443
AA,10/02/2014,14:48:21,0,D,18.28,0.53711,19.8,4.5,,53.711
AA,10/02/2014,14:49:21,0,D,18.26,0.53876,19.8,4.5,,53.876
AA,10/02/2014,14:50:21,0,D,18.24,0.54065,19.8,4.5,,54.065
AA,10/02/2014,14:51:21,0,D,18.27,0.5445,19.89,4.5,,54.45
AA,10/02/2014,14:52:21,0,D,18.31,0.54786,19.97,4.5,,54.786
AA,10/02/2014,14:53:21,0,D,18.34,0.54975,19.97,4.5,,54.975
AA,10/02/2014,14:54:21,0,D,18.38,0.54975,20.05,4.5,,54.975
AA,10/02/2014,14:55:21,0,D,18.43,0.54999,20.14,4.5,,54.999
AA,10/02/2014,14:56:21,0,D,18.47,0.55067,20.22,4.5,,55.067
AA,10/02/2014,14:57:21,0,D,18.53,0.55042,20.3,4.5,,55.042
AA,10/02/2014,14:58:21,0,D,18.58,0.55042,20.3,4.5,,55.042
AA,10/02/2014,14:59:21,0,D,18.63,0.55091,20.39,4.5,,55.091
AA,10/02/2014,15:00:21,0,D,18.69,0.55042,20.47,4.5,,55.042
AA,10/02/2014,15:01:21,0,D,18.76,0.55018,20.55,4.5,,55.018
AA,10/02/2014,15:02:21,0,D,18.83,0.54999,20.72,4.5,,54.999
AA,10/02/2014,15:03:21,0,D,18.89,0.54951,20.63,4.5,,54.951
AA,10/02/2014,15:04:21,0,D,18.92,0.55164,20.63,4.49,,55.164
AA,10/02/2014,15:05:21,0,D,18.92,0.55189,20.55,4.5,,55.189
AA,10/02/2014,15:06:21,0,D,18.89,0.55067,20.47,4.5,,55.067
AA,10/02/2014,15:07:21,0,D,18.88,0.54712,20.39,4.49,,54.712
AA,10/02/2014,15:08:21,0,D,18.85,0.54877,20.39,4.49,,54.877
AA,10/02/2014,15:09:21,0,D,18.81,0.55042,20.3,4.49,,55.042
AA,10/02/2014,15:10:21,0,D,18.76,0.54975,20.22,4.5,,54.975
AA,10/02/2014,15:11:21,0,D,18.72,0.55042,20.14,4.49,,55.042
AA,10/02/2014,15:12:21,0,D,18.68,0.5514,20.14,4.49,,55.14
AA,10/02/2014,15:13:21,0,D,18.63,0.55115,20.05,4.49,,55.115
AA,10/02/2014,15:14:21,0,D,18.59,0.54999,19.97,4.49,,54.999
AA,10/02/2014,15:15:21,0,D,18.55,0.55091,19.97,4.49,,55.091
AA,10/02/2014,15:16:21,0,D,18.51,0.55042,19.89,4.49,,55.042
AA,10/02/2014,15:17:21,0,D,18.46,0.55115,19.89,4.49,,55.115
AA,10/02/2014,15:18:21,0,D,18.44,0.54786,19.8,4.49,,54.786
AA,10/02/2014,15:19:21,0,D,18.39,0.53229,19.8,4.49,,53.229
AA,10/02/2014,15:20:21,0,D,18.38,0.52582,19.64,4.49,,52.582
AA,10/02/2014,15:21:21,0,D,18.28,0.51129,19.55,4.49,,51.129
AA,10/02/2014,15:22:21,0,D,18.22,0.50153,19.47,4.49,,50.153
AA,10/02/2014,15:23:21,0,D,18.15,0.50617,19.47,4.49,,50.617
AA,10/02/2014,15:24:21,0,D,18.11,0.5069,19.39,4.49,,50.69
AA,10/02/2014,15:25:21,0,D,18.04,0.50568,19.39,4.49,,50.568
AA,10/02/2014,15:26:21,0,D,17.97,0.5069,19.3,4.49,,50.69
AA,10/02/2014,15:27:21,0,D,17.92,0.50836,19.22,4.49,,50.836
AA,10/02/2014,15:28:21,0,D,17.88,0.51007,19.14,4.49,,51.007
AA,10/02/2014,15:29:21,0,D,17.81,0.51251,19.14,4.49,,51.251
AA,10/02/2014,15:30:21,0,D,17.77,0.51612,19.05,4.49,,51.612
AA,10/02/2014,15:31:21,0,D,17.7,0.51782,18.97,4.49,,51.782
AA,10/02/2014,15:32:21,0,D,17.66,0.5166,18.97,4.49,,51.66
AA,10/02/2014,15:33:21,0,D,17.59,0.51685,18.89,4.49,,51.685
AA,10/02/2014,15:34:21,0,D,17.55,0.51685,18.8,4.49,,51.685
AA,10/02/2014,15:35:21,0,D,17.5,0.51856,18.8,4.49,,51.856
AA,10/02/2014,15:36:21,0,D,17.44,0.51929,18.72,4.49,,51.929
AA,10/02/2014,15:37:21,0,D,17.4,0.521,18.64,4.49,,52.1
AA,10/02/2014,15:38:21,0,D,17.35,0.521,18.64,4.49,,52.1
AA,10/02/2014,15:39:21,0,D,17.29,0.52289,18.56,4.49,,52.289
AA,10/02/2014,15:40:21,0,D,17.24,0.52436,18.47,4.49,,52.436
AA,10/02/2014,15:41:21,0,D,17.19,0.52533,18.47,4.49,,52.533
AA,10/02/2014,15:42:21,0,D,17.14,0.52509,18.39,4.49,,52.509
AA,10/02/2014,15:43:21,0,D,17.09,0.52771,18.31,4.49,,52.771
AA,10/02/2014,15:44:21,0,D,17.05,0.52771,18.31,4.49,,52.771
AA,10/02/2014,15:45:21,0,D,16.99,0.52796,18.31,4.49,,52.796
AA,10/02/2014,15:46:21,0,D,16.95,0.52869,18.22,4.49,,52.869
AA,10/02/2014,15:47:21,0,D,16.93,0.5304,18.22,4.49,,53.04
AA,10/02/2014,15:48:21,0,D,16.87,0.53083,18.14,4.49,,53.083
AA,10/02/2014,15:49:21,0,D,16.83,0.53205,18.06,4.49,,53.205
AA,10/02/2014,15:50:21,0,D,16.78,0.53327,17.97,4.49,,53.327
AA,10/02/2014,15:51:21,0,D,16.74,0.53302,17.97,4.49,,53.302
AA,10/02/2014,15:52:21,0,D,16.71,0.53278,17.89,4.49,,53.278
AA,10/02/2014,15:53:21,0,D,16.65,0.53376,17.89,4.49,,53.376
AA,10/02/2014,15:54:21,0,D,16.6,0.53711,17.89,4.49,,53.711
AA,10/02/2014,15:55:21,0,D,16.55,0.53852,17.81,4.49,,53.852
AA,10/02/2014,15:56:21,0,D,16.51,0.54023,17.81,4.49,,54.023
AA,10/02/2014,15:57:21,0,D,16.48,0.54114,17.72,4.49,,54.114
AA,10/02/2014,15:58:21,0,D,16.42,0.5431,17.72,4.49,,54.31
AA,10/02/2014,15:59:21,0,D,16.38,0.54236,17.64,4.49,,54.236
AA,10/02/2014,16:00:21,0,D,16.34,0.54261,17.64,4.49,,54.261
AA,10/02/2014,16:01:21,0,D,16.32,0.54426,17.56,4.49,,54.426
AA,10/02/2014,16:02:21,0,D,16.27,0.54566,17.56,4.49,,54.566
AA,10/02/2014,16:03:21,0,D,16.23,0.54737,17.56,4.49,,54.737
AA,10/02/2014,16:04:21,0,D,16.19,0.54902,17.47,4.49,,54.902
AA,10/02/2014,16:05:21,0,D,16.16,0.54804,17.39,4.49,,54.804
AA,10/02/2014,16:06:21,0,D,16.13,0.54926,17.39,4.49,,54.926
AA,10/02/2014,16:07:21,0,D,16.07,0.54975,17.31,4.49,,54.975
AA,10/02/2014,16:08:21,0,D,16.05,0.55067,17.31,4.49,,55.067
AA,10/02/2014,16:09:21,0,D,16.02,0.5514,17.31,4.49,,55.14
AA,10/02/2014,16:10:21,0,D,15.98,0.5514,17.22,4.49,,55.14
AA,10/02/2014,16:11:21,0,D,15.95,0.55213,17.22,4.49,,55.213
AA,10/02/2014,16:12:21,0,D,15.9,0.55213,17.22,4.49,,55.213
AA,10/02/2014,16:13:21,0,D,15.88,0.55164,17.14,4.49,,55.164
AA,10/02/2014,16:14:21,0,D,15.84,0.55305,17.14,4.49,,55.305
AA,10/02/2014,16:15:21,0,D,15.81,0.55353,17.14,4.49,,55.353
AA,10/02/2014,16:16:21,0,D,15.77,0.55427,17.14,4.49,,55.427
AA,10/02/2014,16:17:21,0,D,15.76,0.55543,17.06,4.49,,55.543
AA,10/02/2014,16:18:21,0,D,15.72,0.55567,17.06,4.49,,55.567
AA,10/02/2014,16:19:21,0,D,15.71,0.55659,17.06,4.49,,55.659
AA,10/02/2014,16:20:21,0,D,15.66,0.55616,16.97,4.49,,55.616
AA,10/02/2014,16:21:21,0,D,15.62,0.55616,16.97,4.49,,55.616
AA,10/02/2014,16:22:21,0,D,15.61,0.55659,16.97,4.49,,55.659
AA,10/02/2014,16:23:21,0,D,15.58,0.55707,16.89,4.49,,55.707
AA,10/02/2014,16:24:21,0,D,15.54,0.55756,16.89,4.49,,55.756
AA,10/02/2014,16:25:21,0,D,15.5,0.5583,16.89,4.49,,55.83
AA,10/02/2014,16:26:21,0,D,15.49,0.55805,16.81,4.49,,55.805
AA,10/02/2014,16:27:21,0,D,15.45,0.55872,16.81,4.49,,55.872
AA,10/02/2014,16:28:21,0,D,15.43,0.55946,16.81,4.49,,55.946
AA,10/02/2014,16:29:21,0,D,15.39,0.56062,16.72,4.49,,56.062
AA,10/02/2014,16:30:21,0,D,15.36,0.56086,16.72,4.49,,56.086
AA,10/02/2014,16:31:21,0,D,15.35,0.5611,16.64,4.49,,56.11
AA,10/02/2014,16:32:21,0,D,15.32,0.56202,16.64,4.49,,56.202
AA,10/02/2014,16:33:21,0,D,15.28,0.56251,16.56,4.49,,56.251
AA,10/02/2014,16:34:21,0,D,15.22,0.56373,16.56,4.49,,56.373
AA,10/02/2014,16:35:21,0,D,15.19,0.5644,16.47,4.49,,56.44
AA,10/02/2014,16:36:21,0,D,15.18,0.56513,16.47,4.49,,56.513
AA,10/02/2014,16:37:21,0,D,15.14,0.56538,16.47,4.49,,56.538
AA,10/02/2014,16:38:21,0,D,15.08,0.56654,16.47,4.49,,56.654
AA,10/02/2014,16:39:21,0,D,15.06,0.56702,16.39,4.49,,56.702
AA,10/02/2014,16:40:21,0,D,15.04,0.56794,16.39,4.49,,56.794
AA,10/02/2014,16:41:21,0,D,15,0.56794,16.31,4.49,,56.794
AA,10/02/2014,16:42:21,0,D,14.96,0.56843,16.31,4.49,,56.843
AA,10/02/2014,16:43:21,0,D,14.95,0.56934,16.31,4.49,,56.934
AA,10/02/2014,16:44:21,0,D,14.91,0.57008,16.22,4.49,,57.008
AA,10/02/2014,16:45:21,0,D,14.89,0.5705,16.22,4.49,,57.05
AA,10/02/2014,16:46:21,0,D,14.84,0.5705,16.14,4.49,,57.05
AA,10/02/2014,16:47:21,0,D,14.84,0.57124,16.14,4.49,,57.124
AA,10/02/2014,16:48:21,0,D,14.8,0.57197,16.14,4.49,,57.197
AA,10/02/2014,16:49:21,0,D,14.77,0.5724,16.14,4.49,,57.24
AA,10/02/2014,16:50:21,0,D,14.74,0.57288,16.14,4.49,,57.288
AA,10/02/2014,16:51:21,0,D,14.73,0.57337,16.06,4.49,,57.337
AA,10/02/2014,16:52:21,0,D,14.7,0.5738,15.97,4.49,,57.38
AA,10/02/2014,16:53:21,0,D,14.68,0.57404,15.97,4.49,,57.404
AA,10/02/2014,16:54:21,0,D,14.65,0.57496,16.06,4.49,,57.496
AA,10/02/2014,16:55:21,0,D,14.62,0.57478,16.06,4.49,,57.478
AA,10/02/2014,16:56:21,0,D,14.61,0.57453,15.97,4.49,,57.453
AA,10/02/2014,16:57:21,0,D,14.59,0.57478,15.97,4.49,,57.478
AA,10/02/2014,16:58:21,0,D,14.55,0.57545,15.97,4.49,,57.545
AA,10/02/2014,16:59:21,0,D,14.54,0.57618,15.89,4.49,,57.618
AA,10/02/2014,17:00:21,0,D,14.5,0.5771,15.89,4.49,,57.71
AA,10/02/2014,17:01:21,0,D,14.47,0.57685,15.89,4.49,,57.685
AA,10/02/2014,17:02:21,0,D,14.46,0.57801,15.89,4.49,,57.801
AA,10/02/2014,17:03:21,0,D,14.43,0.57874,15.81,4.49,,57.874
AA,10/02/2014,17:04:21,0,D,14.42,0.57923,15.81,4.49,,57.923
AA,10/02/2014,17:05:21,0,D,14.39,0.5799,15.81,4.49,,57.99
AA,10/02/2014,17:06:21,0,D,14.38,0.58064,15.72,4.49,,58.064
AA,10/02/2014,17:07:21,0,D,14.36,0.58155,15.81,4.49,,58.155
AA,10/02/2014,17:08:21,0,D,14.32,0.58106,15.72,4.48,,58.106
AA,10/02/2014,17:09:21,0,D,14.31,0.58131,15.72,4.48,,58.131
AA,10/02/2014,17:10:21,0,D,14.29,0.58222,15.72,4.49,,58.222
AA,10/02/2014,17:11:21,0,D,14.29,0.58222,15.72,4.49,,58.222
AA,10/02/2014,17:12:21,0,D,14.24,0.58198,15.64,4.49,,58.198
AA,10/02/2014,17:13:21,0,D,14.21,0.58247,15.64,4.48,,58.247
AA,10/02/2014,17:14:21,0,D,14.2,0.5832,15.55,4.48,,58.32
AA,10/02/2014,17:15:21,0,D,14.17,0.58387,15.64,4.48,,58.387
AA,10/02/2014,17:16:21,0,D,14.17,0.58461,15.55,4.48,,58.461
AA,10/02/2014,17:17:21,0,D,14.13,0.58528,15.55,4.48,,58.528
AA,10/02/2014,17:18:21,0,D,14.12,0.58503,15.55,4.48,,58.503
AA,10/02/2014,17:19:21,0,D,14.09,0.58619,15.47,4.48,,58.619
AA,10/02/2014,17:20:21,0,D,14.06,0.58692,15.47,4.48,,58.692
AA,10/02/2014,17:21:21,0,D,14.06,0.58735,15.47,4.48,,58.735
AA,10/02/2014,17:22:21,0,D,14.04,0.58833,15.47,4.48,,58.833
AA,10/02/2014,17:23:21,0,D,14.02,0.58851,15.47,4.48,,58.851
AA,10/02/2014,17:24:21,0,D,14,0.58949,15.39,4.48,,58.949
AA,10/02/2014,17:25:21,0,D,13.98,0.58949,15.39,4.48,,58.949
AA,10/02/2014,17:26:21,0,D,13.97,0.59016,15.39,4.48,,59.016
AA,10/02/2014,17:27:21,0,D,13.96,0.59224,15.39,4.48,,59.224
AA,10/02/2014,17:28:21,0,D,13.93,0.59016,15.39,4.48,,59.016
AA,10/02/2014,17:29:21,0,D,13.93,0.59083,15.39,4.48,,59.083
AA,10/02/2014,17:30:21,0,D,13.91,0.59083,15.3,4.48,,59.083
AA,10/02/2014,17:31:21,0,D,13.9,0.59132,15.3,4.48,,59.132
AA,10/02/2014,17:32:21,0,D,13.87,0.59083,15.3,4.48,,59.083
AA,10/02/2014,17:33:21,0,D,13.86,0.59083,15.3,4.48,,59.083
AA,10/02/2014,17:34:21,0,D,13.82,0.59083,15.22,4.48,,59.083
AA,10/02/2014,17:35:21,0,D,13.8,0.59248,15.22,4.48,,59.248
AA,10/02/2014,17:36:21,0,D,13.78,0.59248,15.22,4.48,,59.248
AA,10/02/2014,17:37:21,0,D,13.75,0.59315,15.22,4.48,,59.315
AA,10/02/2014,17:38:21,0,D,13.74,0.5934,15.14,4.48,,59.34
AA,10/02/2014,17:39:21,0,D,13.73,0.59388,15.14,4.48,,59.388
AA,10/02/2014,17:40:21,0,D,13.71,0.59388,15.14,4.48,,59.388
AA,10/02/2014,17:41:21,0,D,13.69,0.59431,15.14,4.48,,59.431
AA,10/02/2014,17:42:21,0,D,13.66,0.59529,15.05,4.48,,59.529
AA,10/02/2014,17:43:21,0,D,13.66,0.59596,15.05,4.48,,59.596
AA,10/02/2014,17:44:21,0,D,13.63,0.59645,15.05,4.48,,59.645
AA,10/02/2014,17:45:21,0,D,13.62,0.59645,15.05,4.48,,59.645
AA,10/02/2014,17:46:21,0,D,13.62,0.59712,15.05,4.48,,59.712
AA,10/02/2014,17:47:21,0,D,13.6,0.59687,15.05,4.48,,59.687
AA,10/02/2014,17:48:21,0,D,13.58,0.59761,15.05,4.48,,59.761
AA,10/02/2014,17:49:21,0,D,13.55,0.59779,14.97,4.48,,59.779
AA,10/02/2014,17:50:21,0,D,13.54,0.59761,14.97,4.48,,59.761
AA,10/02/2014,17:51:21,0,D,13.54,0.59803,14.97,4.48,,59.803
AA,10/02/2014,17:52:21,0,D,13.52,0.59852,14.97,4.48,,59.852
AA,10/02/2014,17:53:21,0,D,13.51,0.59871,14.97,4.48,,59.871
AA,10/02/2014,17:54:21,0,D,13.5,0.59968,14.97,4.48,,59.968
AA,10/02/2014,17:55:21,0,D,13.48,0.59968,14.97,4.48,,59.968
AA,10/02/2014,17:56:21,0,D,13.48,0.6006,14.88,4.48,,60.06
AA,10/02/2014,17:57:21,0,D,13.45,0.60127,14.97,4.48,,60.127
AA,10/02/2014,17:58:21,0,D,13.44,0.60194,14.88,4.48,,60.194
AA,10/02/2014,17:59:21,0,D,13.44,0.60103,14.88,4.48,,60.103
AA,10/02/2014,18:00:21,0,D,13.43,0.60243,14.88,4.48,,60.243
AA,10/02/2014,18:01:21,0,D,13.41,0.60127,14.88,4.48,,60.127
AA,10/02/2014,18:02:21,0,D,13.4,0.60176,14.88,4.48,,60.176
AA,10/02/2014,18:03:21,0,D,13.4,0.60219,14.88,4.48,,60.219
AA,10/02/2014,18:04:21,0,D,13.39,0.60151,14.88,4.48,,60.151
AA,10/02/2014,18:05:21,0,D,13.36,0.60219,14.8,4.48,,60.219
AA,10/02/2014,18:06:21,0,D,13.36,0.60267,14.8,4.48,,60.267
AA,10/02/2014,18:07:21,0,D,13.35,0.6031,14.8,4.48,,60.31
AA,10/02/2014,18:08:21,0,D,13.32,0.60402,14.8,4.48,,60.402
AA,10/02/2014,18:09:21,0,D,13.3,0.60383,14.8,4.47,,60.383
AA,10/02/2014,18:10:21,0,D,13.29,0.6045,14.8,4.48,,60.45
AA,10/02/2014,18:11:21,0,D,13.29,0.60499,14.8,4.47,,60.499
AA,10/02/2014,18:12:21,0,D,13.28,0.60383,14.8,4.48,,60.383
AA,10/02/2014,18:13:21,0,D,13.26,0.60426,14.8,4.48,,60.426
AA,10/02/2014,18:14:21,0,D,13.25,0.60475,14.72,4.48,,60.475
AA,10/02/2014,18:15:21,0,D,13.25,0.60518,14.72,4.47,,60.518
AA,10/02/2014,18:16:21,0,D,13.22,0.60518,14.72,4.47,,60.518
AA,10/02/2014,18:17:21,0,D,13.21,0.60542,14.72,4.47,,60.542
AA,10/02/2014,18:18:21,0,D,13.21,0.60591,14.72,4.47,,60.591
AA,10/02/2014,18:19:21,0,D,13.18,0.60634,14.72,4.47,,60.634
AA,10/02/2014,18:20:21,0,D,13.18,0.60725,14.72,4.47,,60.725
AA,10/02/2014,18:21:21,0,D,13.16,0.60725,14.63,4.47,,60.725
AA,10/02/2014,18:22:21,0,D,13.14,0.60701,14.63,4.47,,60.701
AA,10/02/2014,18:23:21,0,D,13.14,0.60798,14.63,4.47,,60.798
AA,10/02/2014,18:24:21,0,D,13.12,0.6075,14.63,4.47,,60.75
AA,10/02/2014,18:25:21,0,D,13.12,0.60701,14.63,4.47,,60.701
AA,10/02/2014,18:26:21,0,D,13.1,0.6075,14.63,4.47,,60.75
AA,10/02/2014,18:27:21,0,D,13.09,0.60798,14.63,4.47,,60.798
AA,10/02/2014,18:28:21,0,D,13.09,0.60774,14.63,4.47,,60.774
AA,10/02/2014,18:29:21,0,D,13.08,0.60817,14.63,4.47,,60.817
AA,10/02/2014,18:30:21,0,D,13.06,0.60866,14.55,4.47,,60.866
AA,10/02/2014,18:31:21,0,D,13.06,0.60908,14.55,4.47,,60.908
AA,10/02/2014,18:32:21,0,D,13.05,0.60908,14.55,4.47,,60.908
AA,10/02/2014,18:33:21,0,D,13.02,0.60933,14.55,4.47,,60.933
AA,10/02/2014,18:34:21,0,D,13.01,0.60933,14.55,4.47,,60.933
AA,10/02/2014,18:35:21,0,D,12.99,0.60957,14.55,4.47,,60.957
AA,10/02/2014,18:36:21,0,D,12.99,0.60982,14.55,4.47,,60.982
AA,10/02/2014,18:37:21,0,D,12.99,0.61,14.55,4.47,,61
AA,10/02/2014,18:38:21,0,D,12.98,0.61049,14.46,4.47,,61.049
AA,10/02/2014,18:39:21,0,D,12.97,0.61098,14.46,4.47,,61.098
AA,10/02/2014,18:40:21,0,D,12.95,0.61098,14.46,4.47,,61.098
AA,10/02/2014,18:41:21,0,D,12.95,0.61165,14.46,4.47,,61.165
AA,10/02/2014,18:42:21,0,D,12.93,0.61116,14.46,4.47,,61.116
AA,10/02/2014,18:43:21,0,D,12.93,0.6114,14.46,4.47,,61.14
AA,10/02/2014,18:44:21,0,D,12.91,0.61183,14.46,4.47,,61.183
AA,10/02/2014,18:45:21,0,D,12.91,0.61183,14.46,4.47,,61.183
AA,10/02/2014,18:46:21,0,D,12.9,0.61183,14.38,4.47,,61.183
AA,10/02/2014,18:47:21,0,D,12.87,0.61165,14.38,4.47,,61.165
AA,10/02/2014,18:48:21,0,D,12.87,0.61256,14.38,4.47,,61.256
AA,10/02/2014,18:49:21,0,D,12.86,0.61256,14.38,4.47,,61.256
AA,10/02/2014,18:50:21,0,D,12.86,0.61256,14.38,4.47,,61.256
AA,10/02/2014,18:51:21,0,D,12.83,0.61323,14.38,4.47,,61.323
AA,10/02/2014,18:52:21,0,D,12.84,0.61256,14.38,4.47,,61.256
AA,10/02/2014,18:53:21,0,D,12.83,0.61348,14.38,4.47,,61.348
AA,10/02/2014,18:54:21,0,D,12.82,0.61281,14.38,4.47,,61.281
AA,10/02/2014,18:55:21,0,D,12.8,0.61348,14.38,4.47,,61.348
AA,10/02/2014,18:56:21,0,D,12.79,0.61372,14.38,4.47,,61.372
AA,10/02/2014,18:57:21,0,D,12.79,0.61415,14.3,4.47,,61.415
AA,10/02/2014,18:58:21,0,D,12.78,0.61464,14.3,4.47,,61.464
AA,10/02/2014,18:59:21,0,D,12.76,0.61507,14.3,4.47,,61.507
AA,10/02/2014,19:00:21,0,D,12.76,0.61555,14.3,4.47,,61.555
AA,10/02/2014,19:01:21,0,D,12.75,0.61507,14.3,4.47,,61.507
AA,10/02/2014,19:02:21,0,D,12.75,0.61507,14.3,4.47,,61.507
AA,10/02/2014,19:03:21,0,D,12.73,0.61531,14.3,4.47,,61.531
AA,10/02/2014,19:04:21,0,D,12.72,0.61555,14.3,4.47,,61.555
AA,10/02/2014,19:05:21,0,D,12.71,0.61531,14.3,4.47,,61.531
AA,10/02/2014,19:06:21,0,D,12.69,0.61574,14.21,4.47,,61.574
AA,10/02/2014,19:07:21,0,D,12.69,0.61623,14.21,4.47,,61.623
AA,10/02/2014,19:08:21,0,D,12.68,0.61623,14.21,4.47,,61.623
AA,10/02/2014,19:09:21,0,D,12.68,0.61647,14.21,4.47,,61.647
AA,10/02/2014,19:10:21,0,D,12.65,0.61665,14.21,4.47,,61.665
AA,10/02/2014,19:11:21,0,D,12.67,0.61555,14.21,4.47,,61.555
AA,10/02/2014,19:12:21,0,D,12.64,0.61598,14.21,4.47,,61.598
AA,10/02/2014,19:13:21,0,D,12.63,0.61665,14.21,4.47,,61.665
AA,10/02/2014,19:14:21,0,D,12.64,0.61665,14.21,4.47,,61.665
AA,10/02/2014,19:15:21,0,D,12.61,0.61647,14.21,4.47,,61.647
AA,10/02/2014,19:16:21,0,D,12.61,0.61623,14.21,4.47,,61.623
AA,10/02/2014,19:17:21,0,D,12.61,0.61598,14.21,4.47,,61.598
AA,10/02/2014,19:18:21,0,D,12.6,0.61757,14.13,4.47,,61.757
AA,10/02/2014,19:19:21,0,D,12.57,0.61781,14.13,4.47,,61.781
AA,10/02/2014,19:20:21,0,D,12.56,0.61738,14.13,4.47,,61.738
AA,10/02/2014,19:21:21,0,D,12.57,0.61738,14.13,4.47,,61.738
AA,10/02/2014,19:22:21,0,D,12.56,0.61738,14.13,4.47,,61.738
AA,10/02/2014,19:23:21,0,D,12.54,0.61738,14.13,4.47,,61.738
AA,10/02/2014,19:24:21,0,D,12.54,0.61757,14.13,4.47,,61.757
AA,10/02/2014,19:25:21,0,D,12.53,0.61873,14.13,4.47,,61.873
AA,10/02/2014,19:26:21,0,D,12.52,0.61873,14.04,4.47,,61.873
AA,10/02/2014,19:27:21,0,D,12.52,0.61806,14.04,4.47,,61.806
AA,10/02/2014,19:28:21,0,D,12.5,0.61873,14.04,4.47,,61.873
AA,10/02/2014,19:29:21,0,D,12.49,0.61897,14.04,4.47,,61.897
AA,10/02/2014,19:30:21,0,D,12.48,0.61897,14.04,4.47,,61.897
AA,10/02/2014,19:31:21,0,D,12.48,0.61897,14.04,4.47,,61.897
AA,10/02/2014,19:32:21,0,D,12.46,0.61873,14.04,4.47,,61.873
AA,10/02/2014,19:33:21,0,D,12.45,0.6183,14.04,4.47,,61.83
AA,10/02/2014,19:34:21,0,D,12.42,0.61916,14.04,4.47,,61.916
AA,10/02/2014,19:35:21,0,D,12.41,0.61916,13.96,4.47,,61.916
AA,10/02/2014,19:36:21,0,D,12.41,0.61989,13.96,4.47,,61.989
AA,10/02/2014,19:37:21,0,D,12.41,0.62031,13.96,4.47,,62.031
AA,10/02/2014,19:38:21,0,D,12.4,0.62123,13.96,4.47,,62.123
AA,10/02/2014,19:39:21,0,D,12.38,0.62056,13.96,4.47,,62.056
AA,10/02/2014,19:40:21,0,D,12.37,0.62031,13.96,4.47,,62.031
AA,10/02/2014,19:41:21,0,D,12.37,0.62031,13.96,4.47,,62.031
AA,10/02/2014,19:42:21,0,D,12.36,0.62056,13.96,4.47,,62.056
AA,10/02/2014,19:43:21,0,D,12.33,0.6208,13.96,4.47,,62.08
AA,10/02/2014,19:44:21,0,D,12.33,0.62056,13.87,4.47,,62.056
AA,10/02/2014,19:45:21,0,D,12.33,0.62123,13.87,4.47,,62.123
AA,10/02/2014,19:46:21,0,D,12.32,0.62123,13.87,4.47,,62.123
AA,10/02/2014,19:47:21,0,D,12.3,0.62172,13.87,4.47,,62.172
AA,10/02/2014,19:48:21,0,D,12.29,0.62123,13.87,4.47,,62.123
AA,10/02/2014,19:49:21,0,D,12.29,0.62239,13.87,4.47,,62.239
AA,10/02/2014,19:50:21,0,D,12.29,0.62263,13.87,4.47,,62.263
AA,10/02/2014,19:51:21,0,D,12.27,0.62282,13.87,4.47,,62.282
AA,10/02/2014,19:52:21,0,D,12.26,0.62355,13.87,4.47,,62.355
AA,10/02/2014,19:53:21,0,D,12.26,0.62355,13.87,4.47,,62.355
AA,10/02/2014,19:54:21,0,D,12.25,0.62331,13.79,4.47,,62.331
AA,10/02/2014,19:55:21,0,D,12.25,0.62373,13.87,4.47,,62.373
AA,10/02/2014,19:56:21,0,D,12.22,0.62373,13.79,4.47,,62.373
AA,10/02/2014,19:57:21,0,D,12.21,0.62282,13.79,4.47,,62.282
AA,10/02/2014,19:58:21,0,D,12.2,0.62306,13.79,4.47,,62.306
AA,10/02/2014,19:59:21,0,D,12.2,0.62355,13.79,4.47,,62.355
AA,10/02/2014,20:00:21,0,D,12.18,0.62306,13.79,4.47,,62.306
AA,10/02/2014,20:01:21,0,D,12.18,0.62355,13.79,4.47,,62.355
AA,10/02/2014,20:02:21,0,D,12.16,0.62422,13.79,4.47,,62.422
AA,10/02/2014,20:03:21,0,D,12.16,0.6244,13.79,4.47,,62.44
AA,10/02/2014,20:04:21,0,D,12.16,0.6244,13.79,4.47,,62.44
AA,10/02/2014,20:05:21,0,D,12.14,0.6244,13.79,4.47,,62.44
AA,10/02/2014,20:06:21,0,D,12.14,0.62465,13.71,4.47,,62.465
AA,10/02/2014,20:07:21,0,D,12.13,0.6244,13.71,4.47,,62.44
AA,10/02/2014,20:08:21,0,D,12.14,0.62532,13.71,4.47,,62.532
AA,10/02/2014,20:09:21,0,D,12.11,0.62514,13.71,4.47,,62.514
AA,10/02/2014,20:10:21,0,D,12.11,0.62514,13.71,4.47,,62.514
AA,10/02/2014,20:11:21,0,D,12.1,0.62514,13.71,4.47,,62.514
AA,10/02/2014,20:12:21,0,D,12.1,0.62556,13.71,4.47,,62.556
AA,10/02/2014,20:13:21,0,D,12.07,0.62581,13.71,4.47,,62.581
AA,10/02/2014,20:14:21,0,D,12.07,0.62624,13.71,4.47,,62.624
AA,10/02/2014,20:15:21,0,D,12.07,0.62672,13.71,4.47,,62.672
AA,10/02/2014,20:16:21,0,D,12.06,0.62648,13.62,4.47,,62.648
AA,10/02/2014,20:17:21,0,D,12.06,0.62648,13.62,4.47,,62.648
AA,10/02/2014,20:18:21,0,D,12.05,0.62648,13.62,4.47,,62.648
AA,10/02/2014,20:19:21,0,D,12.05,0.62691,13.62,4.47,,62.691
AA,10/02/2014,20:20:21,0,D,12.05,0.62672,13.62,4.47,,62.672
AA,10/02/2014,20:21:21,0,D,12.03,0.62715,13.62,4.47,,62.715
AA,10/02/2014,20:22:21,0,D,12.02,0.62782,13.62,4.47,,62.782
AA,10/02/2014,20:23:21,0,D,12.02,0.62764,13.62,4.47,,62.764
AA,10/02/2014,20:24:21,0,D,12.02,0.62807,13.62,4.47,,62.807
AA,10/02/2014,20:25:21,0,D,11.99,0.62807,13.62,4.47,,62.807
AA,10/02/2014,20:26:21,0,D,11.98,0.62782,13.62,4.47,,62.782
AA,10/02/2014,20:27:21,0,D,11.98,0.62807,13.54,4.47,,62.807
AA,10/02/2014,20:28:21,0,D,11.96,0.62807,13.62,4.47,,62.807
AA,10/02/2014,20:29:21,0,D,11.96,0.62831,13.54,4.47,,62.831
AA,10/02/2014,20:30:21,0,D,11.96,0.62849,13.54,4.47,,62.849
AA,10/02/2014,20:31:21,0,D,11.95,0.62874,13.54,4.47,,62.874
AA,10/02/2014,20:32:21,0,D,11.95,0.62898,13.54,4.47,,62.898
AA,10/02/2014,20:33:21,0,D,11.95,0.62898,13.54,4.47,,62.898
AA,10/02/2014,20:34:21,0,D,11.92,0.62874,13.54,4.47,,62.874
AA,10/02/2014,20:35:21,0,D,11.92,0.6299,13.54,4.47,,62.99
AA,10/02/2014,20:36:21,0,D,11.92,0.63014,13.54,4.47,,63.014
AA,10/02/2014,20:37:21,0,D,11.91,0.63014,13.54,4.47,,63.014
AA,10/02/2014,20:38:21,0,D,11.91,0.63014,13.54,4.47,,63.014
AA,10/02/2014,20:39:21,0,D,11.9,0.62965,13.45,4.47,,62.965
AA,10/02/2014,20:40:21,0,D,11.88,0.63033,13.54,4.46,,63.033
AA,10/02/2014,20:41:21,0,D,11.88,0.62965,13.45,4.46,,62.965
AA,10/02/2014,20:42:21,0,D,11.88,0.6299,13.45,4.47,,62.99
AA,10/02/2014,20:43:21,0,D,11.87,0.63033,13.45,4.47,,63.033
AA,10/02/2014,20:44:21,0,D,11.86,0.63057,13.45,4.47,,63.057
AA,10/02/2014,20:45:21,0,D,11.86,0.63057,13.45,4.47,,63.057
AA,10/02/2014,20:46:21,0,D,11.86,0.631,13.45,4.46,,63.1
AA,10/02/2014,20:47:21,0,D,11.84,0.63057,13.45,4.47,,63.057
AA,10/02/2014,20:48:21,0,D,11.84,0.63081,13.45,4.47,,63.081
AA,10/02/2014,20:49:21,0,D,11.83,0.63124,13.45,4.46,,63.124
AA,10/02/2014,20:50:21,0,D,11.83,0.63149,13.45,4.46,,63.149
AA,10/02/2014,20:51:21,0,D,11.81,0.63149,13.45,4.46,,63.149
AA,10/02/2014,20:52:21,0,D,11.8,0.63191,13.45,4.46,,63.191
AA,10/02/2014,20:53:21,0,D,11.8,0.6324,13.37,4.46,,63.24
AA,10/02/2014,20:54:21,0,D,11.8,0.6324,13.37,4.46,,63.24
AA,10/02/2014,20:55:21,0,D,11.79,0.63173,13.37,4.46,,63.173
AA,10/02/2014,20:56:21,0,D,11.79,0.6324,13.37,4.46,,63.24
AA,10/02/2014,20:57:21,0,D,11.79,0.6324,13.37,4.46,,63.24
AA,10/02/2014,20:58:21,0,D,11.77,0.6324,13.37,4.46,,63.24
AA,10/02/2014,20:59:21,0,D,11.77,0.63283,13.37,4.46,,63.283
AA,10/02/2014,21:00:21,0,D,11.75,0.63307,13.37,4.46,,63.307
AA,10/02/2014,21:01:21,0,D,11.75,0.63258,13.37,4.46,,63.258
AA,10/02/2014,21:02:21,0,D,11.76,0.63307,13.37,4.46,,63.307
AA,10/02/2014,21:03:21,0,D,11.73,0.63307,13.37,4.46,,63.307
AA,10/02/2014,21:04:21,0,D,11.73,0.63283,13.37,4.46,,63.283
AA,10/02/2014,21:05:21,0,D,11.72,0.63332,13.37,4.46,,63.332
AA,10/02/2014,21:06:21,0,D,11.72,0.6335,13.28,4.46,,63.35
AA,10/02/2014,21:07:21,0,D,11.71,0.63332,13.28,4.46,,63.332
AA,10/02/2014,21:08:21,0,D,11.71,0.63399,13.28,4.46,,63.399
AA,10/02/2014,21:09:21,0,D,11.71,0.63399,13.28,4.46,,63.399
AA,10/02/2014,21:10:21,0,D,11.69,0.63374,13.28,4.46,,63.374
AA,10/02/2014,21:11:21,0,D,11.69,0.63442,13.28,4.46,,63.442
AA,10/02/2014,21:12:21,0,D,11.66,0.63417,13.28,4.46,,63.417
AA,10/02/2014,21:13:21,0,D,11.66,0.63466,13.28,4.46,,63.466
AA,10/02/2014,21:14:21,0,D,11.66,0.63466,13.28,4.46,,63.466
AA,10/02/2014,21:15:21,0,D,11.65,0.63466,13.28,4.46,,63.466
AA,10/02/2014,21:16:21,0,D,11.65,0.63442,13.28,4.46,,63.442
AA,10/02/2014,21:17:21,0,D,11.65,0.63442,13.28,4.46,,63.442
AA,10/02/2014,21:18:21,0,D,11.64,0.63442,13.28,4.46,,63.442
AA,10/02/2014,21:19:21,0,D,11.65,0.63509,13.28,4.46,,63.509
AA,10/02/2014,21:20:21,0,D,11.64,0.63558,13.2,4.46,,63.558
AA,10/02/2014,21:21:21,0,D,11.64,0.63509,13.2,4.46,,63.509
AA,10/02/2014,21:22:21,0,D,11.62,0.63558,13.2,4.46,,63.558
AA,10/02/2014,21:23:21,0,D,11.62,0.63558,13.2,4.46,,63.558
AA,10/02/2014,21:24:21,0,D,11.61,0.63576,13.2,4.46,,63.576
AA,10/02/2014,21:25:21,0,D,11.61,0.63466,13.2,4.46,,63.466
AA,10/02/2014,21:26:21,0,D,11.58,0.63509,13.2,4.46,,63.509
AA,10/02/2014,21:27:21,0,D,11.58,0.63533,13.2,4.46,,63.533
AA,10/02/2014,21:28:21,0,D,11.58,0.63558,13.2,4.46,,63.558
AA,10/02/2014,21:29:21,0,D,11.57,0.63576,13.2,4.46,,63.576
AA,10/02/2014,21:30:21,0,D,11.57,0.636,13.2,4.46,,63.6
AA,10/02/2014,21:31:21,0,D,11.57,0.636,13.2,4.46,,63.6
AA,10/02/2014,21:32:21,0,D,11.54,0.63576,13.2,4.46,,63.576
AA,10/02/2014,21:33:21,0,D,11.54,0.63625,13.2,4.46,,63.625
AA,10/02/2014,21:34:21,0,D,11.53,0.636,13.11,4.46,,63.6
AA,10/02/2014,21:35:21,0,D,11.53,0.63667,13.11,4.46,,63.667
AA,10/02/2014,21:36:21,0,D,11.51,0.63667,13.11,4.46,,63.667
AA,10/02/2014,21:37:21,0,D,11.53,0.63643,13.11,4.46,,63.643
AA,10/02/2014,21:38:21,0,D,11.51,0.63692,13.11,4.46,,63.692
AA,10/02/2014,21:39:21,0,D,11.53,0.63716,13.11,4.46,,63.716
AA,10/02/2014,21:40:21,0,D,11.5,0.63759,13.11,4.46,,63.759
AA,10/02/2014,21:41:21,0,D,11.5,0.63716,13.11,4.46,,63.716
AA,10/02/2014,21:42:21,0,D,11.49,0.63716,13.11,4.46,,63.716
AA,10/02/2014,21:43:21,0,D,11.49,0.63735,13.11,4.46,,63.735
AA,10/02/2014,21:44:21,0,D,11.49,0.63759,13.11,4.46,,63.759
AA,10/02/2014,21:45:21,0,D,11.49,0.63716,13.11,4.46,,63.716
AA,10/02/2014,21:46:21,0,D,11.47,0.63759,13.11,4.46,,63.759
AA,10/02/2014,21:47:21,0,D,11.47,0.63802,13.11,4.46,,63.802
AA,10/02/2014,21:48:21,0,D,11.46,0.63802,13.11,4.46,,63.802
AA,10/02/2014,21:49:21,0,D,11.46,0.63826,13.03,4.46,,63.826
AA,10/02/2014,21:50:21,0,D,11.46,0.63851,13.03,4.46,,63.851
AA,10/02/2014,21:51:21,0,D,11.43,0.63851,13.03,4.46,,63.851
AA,10/02/2014,21:52:21,0,D,11.43,0.63826,13.03,4.46,,63.826
AA,10/02/2014,21:53:21,0,D,11.42,0.63826,13.03,4.46,,63.826
AA,10/02/2014,21:54:21,0,D,11.42,0.63851,13.03,4.46,,63.851
AA,10/02/2014,21:55:21,0,D,11.4,0.63875,13.03,4.46,,63.875
AA,10/02/2014,21:56:21,0,D,11.39,0.63893,13.03,4.46,,63.893
AA,10/02/2014,21:57:21,0,D,11.39,0.63893,13.03,4.46,,63.893
AA,10/02/2014,21:58:21,0,D,11.39,0.63918,13.03,4.46,,63.918
AA,10/02/2014,21:59:21,0,D,11.39,0.63942,13.03,4.46,,63.942
AA,10/02/2014,22:00:21,0,D,11.39,0.63893,13.03,4.46,,63.893
AA,10/02/2014,22:01:21,0,D,11.38,0.63942,13.03,4.46,,63.942
AA,10/02/2014,22:02:21,0,D,11.36,0.63985,13.03,4.46,,63.985
AA,10/02/2014,22:03:21,0,D,11.36,0.63985,13.03,4.46,,63.985
AA,10/02/2014,22:04:21,0,D,11.36,0.63985,13.03,4.46,,63.985
AA,10/02/2014,22:05:21,0,D,11.36,0.64009,12.94,4.46,,64.009
AA,10/02/2014,22:06:21,0,D,11.35,0.64009,12.94,4.46,,64.009
AA,10/02/2014,22:07:21,0,D,11.33,0.63942,12.94,4.46,,63.942
AA,10/02/2014,22:08:21,0,D,11.33,0.64009,12.94,4.45,,64.009
AA,10/02/2014,22:09:21,0,D,11.33,0.64052,12.94,4.46,,64.052
AA,10/02/2014,22:10:21,0,D,11.31,0.64052,12.94,4.45,,64.052
AA,10/02/2014,22:11:21,0,D,11.3,0.64028,12.94,4.46,,64.028
AA,10/02/2014,22:12:21,0,D,11.3,0.64028,12.94,4.45,,64.028
AA,10/02/2014,22:13:21,0,D,11.3,0.64076,12.94,4.45,,64.076
AA,10/02/2014,22:14:21,0,D,11.3,0.64076,12.94,4.45,,64.076
AA,10/02/2014,22:15:21,0,D,11.3,0.64119,12.94,4.46,,64.119
AA,10/02/2014,22:16:21,0,D,11.27,0.64076,12.94,4.45,,64.076
AA,10/02/2014,22:17:21,0,D,11.27,0.64095,12.94,4.45,,64.095
AA,10/02/2014,22:18:21,0,D,11.26,0.64119,12.94,4.45,,64.119
AA,10/02/2014,22:19:21,0,D,11.26,0.64095,12.94,4.45,,64.095
AA,10/02/2014,22:20:21,0,D,11.27,0.64119,12.94,4.45,,64.119
AA,10/02/2014,22:21:21,0,D,11.24,0.64144,12.94,4.45,,64.144
AA,10/02/2014,22:22:21,0,D,11.24,0.64144,12.86,4.46,,64.144
AA,10/02/2014,22:23:21,0,D,11.23,0.64211,12.86,4.45,,64.211
AA,10/02/2014,22:24:21,0,D,11.24,0.64162,12.86,4.45,,64.162
AA,10/02/2014,22:25:21,0,D,11.23,0.64119,12.86,4.45,,64.119
AA,10/02/2014,22:26:21,0,D,11.22,0.64211,12.86,4.45,,64.211
AA,10/02/2014,22:27:21,0,D,11.23,0.64162,12.86,4.45,,64.162
AA,10/02/2014,22:28:21,0,D,11.22,0.64211,12.86,4.45,,64.211
AA,10/02/2014,22:29:21,0,D,11.22,0.64235,12.86,4.45,,64.235
AA,10/02/2014,22:30:21,0,D,11.22,0.64253,12.86,4.45,,64.253
AA,10/02/2014,22:31:21,0,D,11.19,0.64253,12.86,4.45,,64.253
AA,10/02/2014,22:32:21,0,D,11.19,0.64278,12.86,4.45,,64.278
AA,10/02/2014,22:33:21,0,D,11.19,0.64253,12.86,4.45,,64.253
AA,10/02/2014,22:34:21,0,D,11.19,0.64235,12.86,4.45,,64.235
AA,10/02/2014,22:35:21,0,D,11.18,0.64253,12.86,4.45,,64.253
AA,10/02/2014,22:36:21,0,D,11.19,0.64302,12.86,4.45,,64.302
AA,10/02/2014,22:37:21,0,D,11.16,0.64302,12.86,4.45,,64.302
AA,10/02/2014,22:38:21,0,D,11.16,0.64302,12.86,4.45,,64.302
AA,10/02/2014,22:39:21,0,D,11.16,0.64321,12.77,4.45,,64.321
AA,10/02/2014,22:40:21,0,D,11.16,0.64302,12.77,4.45,,64.302
AA,10/02/2014,22:41:21,0,D,11.16,0.64345,12.77,4.45,,64.345
AA,10/02/2014,22:42:21,0,D,11.14,0.64369,12.77,4.45,,64.369
AA,10/02/2014,22:43:21,0,D,11.14,0.64369,12.77,4.45,,64.369
AA,10/02/2014,22:44:21,0,D,11.14,0.64388,12.77,4.45,,64.388
AA,10/02/2014,22:45:21,0,D,11.14,0.64412,12.77,4.45,,64.412
AA,10/02/2014,22:46:21,0,D,11.14,0.64412,12.77,4.45,,64.412
AA,10/02/2014,22:47:21,0,D,11.12,0.64412,12.77,4.45,,64.412
AA,10/02/2014,22:48:21,0,D,11.12,0.64412,12.77,4.45,,64.412
AA,10/02/2014,22:49:21,0,D,11.11,0.64412,12.77,4.45,,64.412
AA,10/02/2014,22:50:21,0,D,11.11,0.64412,12.77,4.45,,64.412
AA,10/02/2014,22:51:21,0,D,11.09,0.64388,12.77,4.45,,64.388
AA,10/02/2014,22:52:21,0,D,11.09,0.64412,12.77,4.45,,64.412
AA,10/02/2014,22:53:21,0,D,11.09,0.64412,12.77,4.45,,64.412
AA,10/02/2014,22:54:21,0,D,11.08,0.64437,12.77,4.45,,64.437
AA,10/02/2014,22:55:21,0,D,11.09,0.64412,12.77,4.45,,64.412
AA,10/02/2014,22:56:21,0,D,11.08,0.64455,12.77,4.45,,64.455
AA,10/02/2014,22:57:21,0,D,11.07,0.64437,12.69,4.45,,64.437
AA,10/02/2014,22:58:21,0,D,11.07,0.64479,12.77,4.45,,64.479
AA,10/02/2014,22:59:21,0,D,11.07,0.64455,12.69,4.45,,64.455
AA,10/02/2014,23:00:21,0,D,11.07,0.64479,12.69,4.45,,64.479
AA,10/02/2014,23:01:21,0,D,11.05,0.64479,12.69,4.45,,64.479
AA,10/02/2014,23:02:21,0,D,11.03,0.64504,12.69,4.45,,64.504
AA,10/02/2014,23:03:21,0,D,11.03,0.64571,12.69,4.45,,64.571
AA,10/02/2014,23:04:21,0,D,11.02,0.64479,12.69,4.45,,64.479
AA,10/02/2014,23:05:21,0,D,11.02,0.64522,12.69,4.45,,64.522
AA,10/02/2014,23:06:21,0,D,11.02,0.64522,12.69,4.45,,64.522
AA,10/02/2014,23:07:21,0,D,11,0.64455,12.69,4.45,,64.455
AA,10/02/2014,23:08:21,0,D,11,0.64522,12.69,4.45,,64.522
AA,10/02/2014,23:09:21,0,D,10.99,0.64522,12.69,4.45,,64.522
AA,10/02/2014,23:10:21,0,D,10.99,0.64595,12.69,4.45,,64.595
AA,10/02/2014,23:11:21,0,D,10.99,0.64595,12.69,4.45,,64.595
AA,10/02/2014,23:12:21,0,D,10.99,0.64614,12.69,4.45,,64.614
AA,10/02/2014,23:13:21,0,D,10.99,0.64614,12.69,4.45,,64.614
AA,10/02/2014,23:14:21,0,D,10.98,0.64614,12.69,4.45,,64.614
AA,10/02/2014,23:15:21,0,D,10.96,0.64571,12.6,4.45,,64.571
AA,10/02/2014,23:16:21,0,D,10.96,0.64614,12.69,4.45,,64.614
AA,10/02/2014,23:17:21,0,D,10.96,0.64614,12.6,4.45,,64.614
AA,10/02/2014,23:18:21,0,D,10.93,0.64595,12.6,4.45,,64.595
AA,10/02/2014,23:19:21,0,D,10.95,0.64638,12.6,4.45,,64.638
AA,10/02/2014,23:20:21,0,D,10.95,0.64638,12.6,4.45,,64.638
AA,10/02/2014,23:21:21,0,D,10.93,0.64662,12.6,4.45,,64.662
AA,10/02/2014,23:22:21,0,D,10.93,0.64662,12.6,4.45,,64.662
AA,10/02/2014,23:23:21,0,D,10.93,0.64662,12.6,4.45,,64.662
AA,10/02/2014,23:24:21,0,D,10.93,0.64662,12.6,4.45,,64.662
AA,10/02/2014,23:25:21,0,D,10.93,0.64681,12.6,4.45,,64.681
AA,10/02/2014,23:26:21,0,D,10.93,0.6473,12.6,4.45,,64.73
AA,10/02/2014,23:27:21,0,D,10.91,0.64705,12.6,4.45,,64.705
AA,10/02/2014,23:28:21,0,D,10.89,0.64748,12.6,4.45,,64.748
AA,10/02/2014,23:29:21,0,D,10.89,0.64748,12.6,4.45,,64.748
AA,10/02/2014,23:30:21,0,D,10.89,0.6473,12.6,4.45,,64.73
AA,10/02/2014,23:31:21,0,D,10.89,0.64662,12.52,4.45,,64.662
AA,10/02/2014,23:32:21,0,D,10.88,0.64546,12.52,4.45,,64.546
AA,10/02/2014,23:33:21,0,D,10.88,0.64681,12.6,4.45,,64.681
AA,10/02/2014,23:34:21,0,D,10.89,0.64772,12.52,4.45,,64.772
AA,10/02/2014,23:35:21,0,D,10.88,0.64797,12.52,4.45,,64.797
AA,10/02/2014,23:36:21,0,D,10.87,0.64839,12.52,4.45,,64.839
AA,10/02/2014,23:37:21,0,D,10.87,0.64839,12.52,4.45,,64.839
AA,10/02/2014,23:38:21,0,D,10.87,0.6473,12.52,4.45,,64.73
AA,10/02/2014,23:39:21,0,D,10.85,0.64748,12.52,4.45,,64.748
AA,10/02/2014,23:40:21,0,D,10.85,0.64797,12.52,4.45,,64.797
AA,10/02/2014,23:41:21,0,D,10.85,0.64839,12.52,4.45,,64.839
AA,10/02/2014,23:42:21,0,D,10.85,0.64839,12.52,4.45,,64.839
AA,10/02/2014,23:43:21,0,D,10.84,0.64864,12.52,4.45,,64.864
AA,10/02/2014,23:44:21,0,D,10.84,0.64748,12.52,4.45,,64.748
AA,10/02/2014,23:45:21,0,D,10.83,0.64882,12.52,4.45,,64.882
AA,10/02/2014,23:46:21,0,D,10.83,0.64907,12.52,4.45,,64.907
AA,10/02/2014,23:47:21,0,D,10.83,0.64931,12.52,4.45,,64.931
AA,10/02/2014,23:48:21,0,D,10.81,0.64882,12.52,4.45,,64.882
AA,10/02/2014,23:49:21,0,D,10.81,0.64907,12.52,4.45,,64.907
AA,10/02/2014,23:50:21,0,D,10.81,0.64797,12.43,4.45,,64.797
AA,10/02/2014,23:51:21,0,D,10.8,0.64772,12.43,4.45,,64.772
AA,10/02/2014,23:52:21,0,D,10.8,0.64772,12.43,4.45,,64.772
AA,10/02/2014,23:53:21,0,D,10.78,0.64931,12.43,4.45,,64.931
AA,10/02/2014,23:54:21,0,D,10.78,0.64949,12.43,4.45,,64.949
AA,10/02/2014,23:55:21,0,D,10.77,0.64907,12.43,4.45,,64.907
AA,10/02/2014,23:56:21,0,D,10.77,0.64931,12.43,4.45,,64.931
AA,10/02/2014,23:57:21,0,D,10.77,0.64974,12.43,4.45,,64.974
AA,10/02/2014,23:58:21,0,D,10.77,0.64998,12.43,4.45,,64.998
AA,10/02/2014,23:59:21,0,D,10.77,0.65016,12.43,4.45,,65.016
